{
  "threshold": 0.10999999999999999,
  "money": 166830.0,
  "n_calls": 11727.0,
  "precision": 0.24226144794064977,
  "recall": 0.6716312056737589
}
